pistetunnus;sijainti;pvm;suunta;suuntaselite;kaista;jaottelu;ajoneuvoluokka;00_01;01_02;02_03;03_04;04_05;05_06;06_07;07_08;08_09;09_10;10_11;11_12;12_13;13_14;14_15;15_16;16_17;17_18;18_19;19_20;20_21;21_22;22_23;23_24;yhteensa
471;vt3_Tampere_Multisilta;20240101;*;;*;Kaikki;kaikki;419;446;377;257;213;181;253;206;188;297;539;1039;1824;2363;2671;2859;2684;2342;1942;1368;1057;671;411;294;24901
471;vt3_Tampere_Multisilta;20240102;*;;*;Kaikki;kaikki;168;124;106;103;211;604;1650;2457;2051;1636;1720;1995;2246;2475;2838;3630;3628;2470;2249;1507;1226;883;549;333;36859
471;vt3_Tampere_Multisilta;20240103;*;;*;Kaikki;kaikki;209;163;146;127;151;576;1560;2453;2024;1700;1696;1987;2215;2352;2796;3655;3805;2875;2044;1540;1304;1139;581;361;37459
471;vt3_Tampere_Multisilta;20240104;*;;*;Kaikki;kaikki;233;133;136;118;157;565;1604;2414;2078;1701;1750;2001;2165;2368;2861;3890;3770;2916;2281;1631;1414;870;601;371;38028
471;vt3_Tampere_Multisilta;20240105;*;;*;Kaikki;kaikki;244;184;141;123;184;541;1484;2216;1761;1713;1793;2162;2465;2827;3377;4065;4040;3321;2337;1761;1467;1262;665;507;40640
471;vt3_Tampere_Multisilta;20240106;*;;*;Kaikki;kaikki;370;252;199;129;106;189;348;384;586;1184;1684;2217;2682;2952;3061;2783;2652;2444;2138;1535;1264;849;643;449;31100
471;vt3_Tampere_Multisilta;20240107;*;;*;Kaikki;kaikki;288;210;158;106;93;106;192;275;345;604;964;1488;2175;2490;2758;2721;2828;2578;2282;1488;1256;835;490;246;26976
471;vt3_Tampere_Multisilta;20240108;*;;*;Kaikki;kaikki;135;118;89;127;224;700;2076;3481;3105;2182;1795;1983;2096;2204;2727;3925;4014;2704;1983;1435;1150;904;493;285;39935
471;vt3_Tampere_Multisilta;20240109;*;;*;Kaikki;kaikki;183;102;114;110;176;667;865;3571;3225;2177;1879;2012;2060;2221;2759;4075;4267;2845;2203;1588;1300;913;569;292;40173
471;vt3_Tampere_Multisilta;20240110;*;;*;Kaikki;kaikki;160;117;109;108;197;664;2086;3570;3211;2175;1785;1935;2172;2417;2933;4200;4362;3000;2191;1610;1252;1123;610;319;42306
471;vt3_Tampere_Multisilta;20240111;*;;*;Kaikki;kaikki;171;126;94;113;192;661;2068;3403;3108;2202;1867;2034;2206;2425;2979;4200;4323;3241;2321;1805;1359;1032;588;296;42814
471;vt3_Tampere_Multisilta;20240112;*;;*;Kaikki;kaikki;208;151;105;102;189;585;1721;2875;2804;1962;1828;2042;2457;2686;3368;4359;4258;3299;2608;1815;1343;1236;793;504;43298
471;vt3_Tampere_Multisilta;20240113;*;;*;Kaikki;kaikki;360;248;188;122;136;185;393;549;847;1532;2053;2558;2911;2817;3002;2842;2766;2298;1956;1606;1203;908;630;461;32571
471;vt3_Tampere_Multisilta;20240114;*;;*;Kaikki;kaikki;310;229;179;137;111;107;220;267;456;784;1338;1955;2478;2618;2723;2906;2793;2579;2077;1587;1172;806;459;245;28536
471;vt3_Tampere_Multisilta;20240115;*;;*;Kaikki;kaikki;152;118;99;109;206;730;2187;3484;3102;2175;1742;1853;2007;1014;2732;3976;3930;2683;2042;1491;1304;834;535;277;38782
471;vt3_Tampere_Multisilta;20240116;*;;*;Kaikki;kaikki;187;120;102;146;232;633;2091;3607;2993;2084;1865;1909;1937;2246;2719;3962;4121;2947;2074;1591;1200;814;588;291;40459
471;vt3_Tampere_Multisilta;20240117;*;;*;Kaikki;kaikki;183;134;127;106;223;626;2072;3452;3036;2216;1859;1834;2064;2298;2847;4085;4207;3024;2265;1654;1296;1028;610;315;41561
471;vt3_Tampere_Multisilta;20240118;*;;*;Kaikki;kaikki;172;136;118;97;214;620;1940;3365;2988;2011;1659;1756;1948;2095;2795;3931;4083;3024;2181;1685;1384;956;634;318;40110
471;vt3_Tampere_Multisilta;20240119;*;;*;Kaikki;kaikki;185;127;137;123;225;590;1861;2966;2767;2028;2023;2124;2460;2863;3640;4585;4392;3566;2681;1896;1462;1093;737;502;45033
471;vt3_Tampere_Multisilta;20240120;*;;*;Kaikki;kaikki;388;254;190;136;113;183;383;517;935;1685;2221;2747;3023;3164;3226;3022;2918;2466;2154;1671;1427;961;668;597;35049
471;vt3_Tampere_Multisilta;20240121;*;;*;Kaikki;kaikki;356;238;199;118;112;104;236;246;511;876;1266;1965;2437;2728;2909;2869;3008;2766;2337;1776;1320;808;494;259;29938
471;vt3_Tampere_Multisilta;20240122;*;;*;Kaikki;kaikki;151;103;73;130;252;706;2089;3356;3105;2199;1735;1758;1855;1987;2383;3535;3528;2383;1864;1427;1121;806;496;283;37325
471;vt3_Tampere_Multisilta;20240123;*;;*;Kaikki;kaikki;174;143;134;158;197;689;2132;3593;3102;2159;1847;1915;2070;2133;2726;4114;4211;2992;2172;1512;1264;1149;553;296;41435
471;vt3_Tampere_Multisilta;20240124;*;;*;Kaikki;kaikki;173;148;121;130;205;663;2152;3462;3151;2221;1941;1977;2151;2335;2849;4003;4209;3089;2252;1682;1247;1068;609;311;42149
471;vt3_Tampere_Multisilta;20240125;*;;*;Kaikki;kaikki;188;155;129;121;193;650;2070;3377;3169;2282;2049;2100;2310;2489;3016;4336;4570;3418;2325;1869;1540;1057;558;311;44282
471;vt3_Tampere_Multisilta;20240126;*;;*;Kaikki;kaikki;216;123;116;131;204;596;1837;2975;2696;2042;2022;2281;2530;3016;3731;4695;4486;3800;2624;1845;1507;1441;814;557;46285
471;vt3_Tampere_Multisilta;20240127;*;;*;Kaikki;kaikki;380;289;234;158;152;194;404;586;954;1772;2294;2911;3146;3166;3114;3111;2887;2416;2305;1735;1284;938;655;500;35585
471;vt3_Tampere_Multisilta;20240128;*;;*;Kaikki;kaikki;301;251;210;134;107;123;232;316;520;908;1329;2062;2558;2868;3065;3145;2935;2841;2461;1713;1189;806;438;263;30775
471;vt3_Tampere_Multisilta;20240129;*;;*;Kaikki;kaikki;175;120;97;112;237;751;2109;3465;3164;2252;1822;1985;2082;2301;2677;3874;3898;2749;2022;1462;1222;786;493;301;40156
471;vt3_Tampere_Multisilta;20240130;*;;*;Kaikki;kaikki;176;117;114;118;228;678;2111;3557;3266;2202;1846;1906;2037;2299;2748;4076;4293;3006;2098;1538;1385;937;607;282;41625
471;vt3_Tampere_Multisilta;20240131;*;;*;Kaikki;kaikki;182;144;118;100;182;652;2087;3442;3192;2159;1943;1990;2108;2403;2975;4182;4291;2971;2283;1758;1453;1175;581;283;42654
471;vt3_Tampere_Multisilta;20240201;*;;*;Kaikki;kaikki;200;166;123;104;197;527;1856;3185;3042;2115;1930;2072;2158;2329;2891;4134;4349;3190;2456;1761;1393;1002;581;318;42079
471;vt3_Tampere_Multisilta;20240202;*;;*;Kaikki;kaikki;186;135;106;100;183;537;1793;3168;3015;2336;2202;2611;2784;3286;3998;4934;4925;3876;3204;2054;1667;1200;1075;547;49922
471;vt3_Tampere_Multisilta;20240203;*;;*;Kaikki;kaikki;355;232;190;148;139;207;408;650;1137;1834;2685;3071;3419;3316;3348;3197;2976;2714;2273;1758;1527;987;820;501;37892
471;vt3_Tampere_Multisilta;20240204;*;;*;Kaikki;kaikki;369;243;174;134;124;114;251;343;575;1069;1536;2275;2735;2964;3166;3218;3187;3203;2441;1874;1428;915;498;252;33088
471;vt3_Tampere_Multisilta;20240205;*;;*;Kaikki;kaikki;147;96;95;116;243;763;2168;3478;3088;2106;1918;2047;2159;2271;2745;3964;3992;2682;1116;1490;1268;831;496;311;39590
471;vt3_Tampere_Multisilta;20240206;*;;*;Kaikki;kaikki;170;111;101;100;209;688;2201;3607;2986;2202;1871;1913;2118;2217;2784;4023;4198;2843;2192;1601;1279;896;537;319;41166
471;vt3_Tampere_Multisilta;20240207;*;;*;Kaikki;kaikki;204;113;101;109;191;668;2105;3510;3096;2267;1848;2105;2092;2326;2910;4086;4254;3047;2223;1669;1313;945;609;313;42104
471;vt3_Tampere_Multisilta;20240208;*;;*;Kaikki;kaikki;207;146;107;108;196;639;2001;3330;2985;2221;1818;2014;2195;2395;3050;4305;4301;3225;2482;1835;1421;1010;623;334;42948
471;vt3_Tampere_Multisilta;20240209;*;;*;Kaikki;kaikki;234;159;131;113;215;601;1723;2949;2699;2148;1927;2325;2516;2970;3644;4664;4374;3601;2712;1880;1693;1135;808;567;45788
471;vt3_Tampere_Multisilta;20240210;*;;*;Kaikki;kaikki;374;276;245;170;133;227;408;564;979;1820;2188;3125;3452;3332;3279;3217;3197;2754;2443;1836;1247;895;678;735;37574
471;vt3_Tampere_Multisilta;20240211;*;;*;Kaikki;kaikki;534;285;193;151;120;134;213;301;458;855;1430;2226;2703;2916;3057;3081;3022;2912;2475;1725;1240;892;552;276;31751
471;vt3_Tampere_Multisilta;20240212;*;;*;Kaikki;kaikki;161;123;95;119;266;720;2241;3574;3191;2367;1929;2169;2167;2386;2805;4165;4167;2925;2186;1637;1333;920;554;273;42473
471;vt3_Tampere_Multisilta;20240213;*;;*;Kaikki;kaikki;183;123;125;117;218;689;2263;3709;3319;2351;2065;2180;2244;2378;2892;4346;4565;3311;2295;1694;1404;1189;621;285;44566
471;vt3_Tampere_Multisilta;20240214;*;;*;Kaikki;kaikki;168;123;120;104;217;612;2054;3249;2412;1991;1955;2058;2151;2340;2906;4143;4469;3360;2350;1693;1571;1250;607;363;42266
471;vt3_Tampere_Multisilta;20240215;*;;*;Kaikki;kaikki;176;148;119;121;197;574;1984;3377;3262;2361;2192;2379;2388;2495;3128;4539;4675;3313;2618;1933;1463;1050;697;370;45559
471;vt3_Tampere_Multisilta;20240216;*;;*;Kaikki;kaikki;178;134;111;110;188;557;1734;3012;2677;2234;2182;2386;2661;2943;3627;4349;4114;3427;2753;1853;1575;1210;893;556;45464
471;vt3_Tampere_Multisilta;20240217;*;;*;Kaikki;kaikki;366;241;199;175;164;239;405;549;1021;1785;2264;2879;3425;3371;3406;3222;3105;2426;2209;1676;1469;946;771;562;36875
471;vt3_Tampere_Multisilta;20240218;*;;*;Kaikki;kaikki;435;323;208;152;119;147;239;323;537;1022;1773;2484;3020;3183;3313;3295;3212;3047;2693;1973;1445;877;526;320;34666
471;vt3_Tampere_Multisilta;20240219;*;;*;Kaikki;kaikki;148;103;90;118;236;699;2072;3559;3119;2211;1994;2169;2365;2515;3029;4170;4239;2911;2134;1614;1316;864;530;317;42522
471;vt3_Tampere_Multisilta;20240220;*;;*;Kaikki;kaikki;136;127;123;122;204;652;2146;3708;3247;2255;2048;2192;2305;2486;2993;4434;4343;3062;2236;1720;1311;881;552;274;43557
471;vt3_Tampere_Multisilta;20240221;*;;*;Kaikki;kaikki;178;114;115;125;199;647;2096;3563;3103;2298;2127;2358;2458;2601;3231;4467;4333;3099;2425;1701;1370;946;659;314;44527
471;vt3_Tampere_Multisilta;20240222;*;;*;Kaikki;kaikki;196;160;143;124;204;621;1942;3415;3114;2167;2057;2284;2589;2788;3337;4530;4449;3504;2524;1870;1527;1080;625;305;45555
471;vt3_Tampere_Multisilta;20240223;*;;*;Kaikki;kaikki;205;139;126;144;220;634;1857;3053;2668;2180;2179;2572;2975;3309;4096;4895;4714;4011;2862;1948;1608;1475;776;573;49219
471;vt3_Tampere_Multisilta;20240224;*;;*;Kaikki;kaikki;354;244;206;154;210;294;446;625;977;1803;2449;3202;3544;3518;3530;3371;3265;2618;2205;1539;1402;920;741;558;38175
471;vt3_Tampere_Multisilta;20240225;*;;*;Kaikki;kaikki;361;235;187;155;129;156;258;307;433;879;1461;2273;2855;3164;3232;3346;3159;2847;2403;1617;1298;755;465;282;32257
471;vt3_Tampere_Multisilta;20240226;*;;*;Kaikki;kaikki;174;111;86;132;232;701;1973;2770;2431;2060;2068;2266;2335;2529;2862;3703;3659;2570;1999;1457;1161;812;550;294;38935
471;vt3_Tampere_Multisilta;20240227;*;;*;Kaikki;kaikki;179;142;119;117;198;664;1901;2794;2511;2006;2089;2296;2408;2505;2876;4029;3746;3006;2175;1591;1209;1126;587;334;40608
471;vt3_Tampere_Multisilta;20240228;*;;*;Kaikki;kaikki;189;137;117;123;192;616;1787;2656;2333;2122;2061;2383;2520;2623;3024;4030;3880;3081;2258;1643;1271;967;595;345;40953
471;vt3_Tampere_Multisilta;20240229;*;;*;Kaikki;kaikki;229;165;131;124;211;615;1789;2569;2301;2146;2251;2522;2736;2896;3293;4113;3970;3310;2617;1797;1466;1414;744;429;43838
471;vt3_Tampere_Multisilta;20240301;*;;*;Kaikki;kaikki;213;165;131;133;213;595;1609;2236;2132;2104;2315;2619;2827;3224;3690;4388;4049;3379;2716;1951;1511;1016;799;542;44557
471;vt3_Tampere_Multisilta;20240302;*;;*;Kaikki;kaikki;374;242;199;161;182;217;374;503;871;1599;2213;2874;3181;3192;3209;3071;3054;2559;2275;1870;1420;1064;844;590;36138
471;vt3_Tampere_Multisilta;20240303;*;;*;Kaikki;kaikki;393;308;222;144;156;125;217;305;503;900;1343;2197;2598;2942;3033;3172;3190;3031;2651;1868;1445;904;543;289;32479
471;vt3_Tampere_Multisilta;20240304;*;;*;Kaikki;kaikki;186;112;106;118;242;735;2209;3538;3143;2245;1956;2110;2181;2248;2772;4044;4034;2710;2043;1606;1252;884;490;276;41240
471;vt3_Tampere_Multisilta;20240305;*;;*;Kaikki;kaikki;238;133;120;134;190;676;2165;3658;3268;2252;2018;2096;2190;2286;2885;4178;4302;3116;2220;1670;1321;1141;590;316;43163
471;vt3_Tampere_Multisilta;20240306;*;;*;Kaikki;kaikki;209;134;119;130;213;665;2206;3590;3273;2240;1966;2203;2304;2393;3083;4339;4470;3124;2395;1740;1418;1034;697;311;44256
471;vt3_Tampere_Multisilta;20240307;*;;*;Kaikki;kaikki;195;162;125;121;187;658;2118;3531;3121;2287;2021;2179;2426;2526;3095;4453;4493;3247;2555;1895;1445;1013;642;351;44846
471;vt3_Tampere_Multisilta;20240308;*;;*;Kaikki;kaikki;218;143;138;121;210;673;1923;3123;2766;2232;75;2463;2762;3158;3871;4861;4626;3954;3085;1977;1572;1103;1211;662;46927
471;vt3_Tampere_Multisilta;20240309;*;;*;Kaikki;kaikki;391;301;228;160;193;247;412;638;1153;1959;2492;3154;3419;3321;3570;3383;3023;2639;2449;1849;1410;1065;736;526;38718
471;vt3_Tampere_Multisilta;20240310;*;;*;Kaikki;kaikki;395;279;153;162;132;124;263;317;555;1196;1607;2334;2855;3151;3207;3239;3152;3096;2581;1900;1442;932;520;278;33870
471;vt3_Tampere_Multisilta;20240311;*;;*;Kaikki;kaikki;141;100;87;131;239;774;2204;3475;3092;2172;1973;2065;2143;2294;2805;3959;4077;2650;2044;1592;1223;757;515;292;40804
471;vt3_Tampere_Multisilta;20240312;*;;*;Kaikki;kaikki;156;103;114;117;192;711;2206;3764;3167;2211;1957;2070;2174;2261;2855;4080;4173;3074;2298;1591;1405;1147;666;318;42810
471;vt3_Tampere_Multisilta;20240313;*;;*;Kaikki;kaikki;190;136;91;116;198;681;2171;3587;3226;2226;2010;2152;2239;2492;2903;4277;4333;3101;2246;1684;1318;956;576;313;43222
471;vt3_Tampere_Multisilta;20240314;*;;*;Kaikki;kaikki;196;137;107;117;194;655;2169;3546;3086;2274;2042;2175;2356;2588;3101;4357;4410;3181;2476;1752;1431;999;719;322;44390
471;vt3_Tampere_Multisilta;20240315;*;;*;Kaikki;kaikki;209;145;128;106;225;650;1912;3152;2850;2318;2311;2560;2734;3142;3915;4805;4703;3801;2874;1966;1713;1180;825;595;48819
471;vt3_Tampere_Multisilta;20240316;*;;*;Kaikki;kaikki;375;276;199;151;159;240;435;647;1065;1862;1130;3205;3481;3415;3339;3299;3027;2705;2407;1581;1186;958;722;480;36344
471;vt3_Tampere_Multisilta;20240317;*;;*;Kaikki;kaikki;333;245;185;115;109;143;234;348;506;920;1384;1974;2550;2869;2896;3110;3049;2961;2478;1904;1425;887;505;287;31417
471;vt3_Tampere_Multisilta;20240318;*;;*;Kaikki;kaikki;148;110;93;135;256;761;2171;3611;3183;2232;2001;2090;2125;2356;2727;4064;4143;2723;2138;1559;1268;871;570;322;41657
471;vt3_Tampere_Multisilta;20240319;*;;*;Kaikki;kaikki;185;166;115;122;185;711;2241;3730;3319;2336;1974;2094;2112;2383;2895;4220;4246;2977;2208;1681;1298;982;590;314;43084
471;vt3_Tampere_Multisilta;20240320;*;;*;Kaikki;kaikki;199;121;115;138;205;677;2204;3736;3369;2467;2115;2124;2251;2476;2956;4369;4464;3316;2370;1632;1420;1352;655;344;45075
471;vt3_Tampere_Multisilta;20240321;*;;*;Kaikki;kaikki;204;152;103;138;200;698;2074;3534;3307;2310;2100;2098;2353;2558;3150;4455;4597;3397;2417;1778;1448;1007;799;368;45245
471;vt3_Tampere_Multisilta;20240322;*;;*;Kaikki;kaikki;216;143;113;125;216;624;1886;3263;2887;2256;2167;2436;2743;3113;3865;4789;4608;3591;2814;1945;1593;1052;770;612;47827
471;vt3_Tampere_Multisilta;20240323;*;;*;Kaikki;kaikki;370;277;234;168;153;229;426;736;1195;2026;2585;3142;3288;3402;3410;3340;3278;2737;2329;1875;1698;1158;809;567;39432
471;vt3_Tampere_Multisilta;20240324;*;;*;Kaikki;kaikki;367;257;208;147;120;119;229;311;585;1052;1564;2149;2689;2872;2902;2959;2893;2863;2476;1822;1397;891;530;280;31682
471;vt3_Tampere_Multisilta;20240325;*;;*;Kaikki;kaikki;147;124;92;108;263;765;2305;3605;3158;2248;1993;2169;2157;2294;2745;4096;4110;2959;2004;1455;1173;1177;587;296;42030
471;vt3_Tampere_Multisilta;20240326;*;;*;Kaikki;kaikki;160;143;101;139;215;686;2250;3700;3093;2217;2055;2075;2256;2468;2978;4355;4210;3057;2254;1689;1297;886;640;353;43277
471;vt3_Tampere_Multisilta;20240327;*;;*;Kaikki;kaikki;188;135;127;111;194;698;2131;3523;3119;2292;2104;2343;2405;2697;3189;4595;4420;3322;2588;1883;1464;1068;662;364;45622
471;vt3_Tampere_Multisilta;20240328;*;;*;Kaikki;kaikki;235;170;141;146;230;685;1988;2855;2530;2353;2394;2768;3002;3335;4139;4941;4658;4392;3165;2167;1741;1578;869;501;50983
471;vt3_Tampere_Multisilta;20240329;*;;*;Kaikki;kaikki;345;197;216;143;135;195;379;530;924;1641;2482;3350;3547;3655;3275;3004;2710;2595;1935;1403;1018;1108;702;389;35878
471;vt3_Tampere_Multisilta;20240330;*;;*;Kaikki;kaikki;307;211;176;122;132;189;265;466;850;1684;2447;2959;3337;3373;3129;3121;2882;2561;2231;1637;1398;892;688;536;35593
471;vt3_Tampere_Multisilta;20240331;*;;*;Kaikki;kaikki;372;233;195;;183;154;214;226;389;745;1383;2175;2804;2980;3053;3076;2965;2904;2665;2048;1523;1076;739;489;32591
471;vt3_Tampere_Multisilta;20240401;*;;*;Kaikki;kaikki;290;193;173;110;81;119;261;316;368;790;1319;2051;2961;3390;3661;3633;3944;3428;2866;2135;1578;941;532;311;35451
471;vt3_Tampere_Multisilta;20240402;*;;*;Kaikki;kaikki;194;138;113;153;224;800;2227;3584;3148;2284;2132;2220;2293;2480;2971;4177;4264;3016;2232;1599;1401;952;519;281;43402
471;vt3_Tampere_Multisilta;20240403;*;;*;Kaikki;kaikki;215;140;125;119;218;655;2111;3518;3026;2148;1949;2036;2091;2405;2870;4249;4213;3039;2318;1688;1382;976;630;299;42420
471;vt3_Tampere_Multisilta;20240404;*;;*;Kaikki;kaikki;182;143;127;137;189;702;2069;3446;3188;2251;2078;2309;2378;2619;3136;4352;4509;3314;2623;1964;1480;1166;643;340;45345
471;vt3_Tampere_Multisilta;20240405;*;;*;Kaikki;kaikki;210;156;119;154;194;655;1883;3164;2787;2222;2134;2377;2679;2937;3600;4489;4277;3644;2610;1797;1364;1221;1156;544;46373
471;vt3_Tampere_Multisilta;20240406;*;;*;Kaikki;kaikki;406;231;213;164;140;247;424;736;1361;2177;2681;3038;3470;3364;3305;3437;3408;2927;2681;1900;1406;1025;790;595;40126
471;vt3_Tampere_Multisilta;20240407;*;;*;Kaikki;kaikki;396;286;239;171;118;146;297;332;634;1102;1533;2198;2673;3003;3061;3317;3247;3220;2632;1798;1406;884;515;265;33473
471;vt3_Tampere_Multisilta;20240408;*;;*;Kaikki;kaikki;150;119;103;127;246;770;2271;3670;3224;2314;2019;2157;2166;2405;2901;4130;4185;3039;2300;1697;1436;986;480;271;43166
471;vt3_Tampere_Multisilta;20240409;*;;*;Kaikki;kaikki;166;151;107;127;230;688;2259;3890;3191;2407;2119;2107;2226;2452;3056;4382;4598;3261;2417;1716;1434;1457;623;314;45378
471;vt3_Tampere_Multisilta;20240410;*;;*;Kaikki;kaikki;200;141;100;142;211;668;2249;3803;3350;2391;1991;2197;2218;2564;3139;4411;4495;3265;2551;1960;1521;1035;629;379;45610
471;vt3_Tampere_Multisilta;20240411;*;;*;Kaikki;kaikki;203;146;129;136;201;692;2222;3820;3280;2451;2164;2377;2498;2693;3280;4694;4720;3518;2813;2024;1491;1145;663;382;47742
471;vt3_Tampere_Multisilta;20240412;*;;*;Kaikki;kaikki;246;159;137;148;237;673;1995;3243;3097;2542;2560;2870;3176;3548;4241;5147;4848;4173;3011;2029;1680;1320;821;571;52472
471;vt3_Tampere_Multisilta;20240413;*;;*;Kaikki;kaikki;427;262;217;179;173;213;458;698;1441;2499;3016;3576;3752;3725;3769;3829;3395;2862;2379;2132;1856;1173;1016;1398;44445
471;vt3_Tampere_Multisilta;20240414;*;;*;Kaikki;kaikki;481;395;270;167;142;161;300;380;639;1047;1628;2436;2988;3162;3336;3389;3503;3221;2774;2111;1584;987;540;265;35906
471;vt3_Tampere_Multisilta;20240415;*;;*;Kaikki;kaikki;149;110;121;147;266;823;2322;3770;3453;2549;2213;2204;2296;2519;3051;4281;4308;3192;2371;1824;1434;918;559;285;45165
471;vt3_Tampere_Multisilta;20240416;*;;*;Kaikki;kaikki;217;148;124;133;216;735;2353;3892;3347;2434;2066;2131;2272;2377;3008;4499;4500;3230;2493;1778;1593;1018;642;292;45498
471;vt3_Tampere_Multisilta;20240417;*;;*;Kaikki;kaikki;179;125;100;130;207;733;2265;3853;3293;2380;2047;2110;2333;2501;3075;4444;4645;3348;2475;1856;1492;1130;674;325;45720
471;vt3_Tampere_Multisilta;20240418;*;;*;Kaikki;kaikki;206;171;120;140;250;683;2308;3635;3208;2360;2101;2340;2418;2621;3381;4621;4827;3653;2854;2199;1625;1183;679;361;47944
471;vt3_Tampere_Multisilta;20240419;*;;*;Kaikki;kaikki;235;170;129;150;239;714;2020;3285;2934;2431;2350;2554;2934;3296;4090;5155;4944;3995;3053;2104;1654;1118;753;542;50849
471;vt3_Tampere_Multisilta;20240420;*;;*;Kaikki;kaikki;329;257;213;149;144;237;423;642;1019;1750;2127;2605;2826;2893;2859;2995;2789;2342;1968;1651;1581;944;802;556;34101
471;vt3_Tampere_Multisilta;20240421;*;;*;Kaikki;kaikki;392;254;210;147;130;126;265;398;508;888;1389;2031;2775;3057;3151;3268;3126;3095;2674;2024;1480;923;555;284;33150
471;vt3_Tampere_Multisilta;20240422;*;;*;Kaikki;kaikki;176;114;85;157;244;816;2371;3645;3171;2422;2148;2102;2258;2405;2872;4184;4012;2765;2092;1573;1223;893;534;269;42531
471;vt3_Tampere_Multisilta;20240423;*;;*;Kaikki;kaikki;181;140;112;110;228;663;2076;3256;2623;1851;1632;1696;1738;2002;2509;3716;3587;2534;1879;1452;1200;790;530;332;36837
471;vt3_Tampere_Multisilta;20240424;*;;*;Kaikki;kaikki;175;119;114;132;216;655;2143;3399;2916;2163;1955;2050;2303;2462;2941;4312;4235;3443;2267;1755;1348;1039;1226;427;43795
471;vt3_Tampere_Multisilta;20240425;*;;*;Kaikki;kaikki;232;160;144;133;235;718;2238;3684;3280;2478;2225;2493;2560;2775;3386;4701;4638;3521;2634;2069;1583;1001;670;386;47944
471;vt3_Tampere_Multisilta;20240426;*;;*;Kaikki;kaikki;218;148;131;158;239;721;2009;3213;3022;2457;2417;2636;2880;3450;4090;5246;4979;3980;3042;2189;1609;1163;922;567;51486
471;vt3_Tampere_Multisilta;20240427;*;;*;Kaikki;kaikki;425;239;213;134;140;242;402;735;1439;2391;3000;3625;4019;3948;3861;3442;3324;3200;2694;1955;1335;1065;987;742;43557
471;vt3_Tampere_Multisilta;20240428;*;;*;Kaikki;kaikki;439;318;191;156;128;132;260;373;675;1206;1917;2693;3175;3329;3515;4026;3749;3349;2715;2169;2322;1334;682;338;39191
471;vt3_Tampere_Multisilta;20240429;*;;*;Kaikki;kaikki;210;132;125;153;264;848;2413;3778;3450;2476;2207;2311;2371;2660;3127;4470;4599;3214;2406;2115;1563;958;667;325;46842
471;vt3_Tampere_Multisilta;20240430;*;;*;Kaikki;kaikki;210;163;142;122;220;734;2223;3529;3056;2354;2227;2360;2534;3043;3842;4841;4400;3129;2520;1701;1350;1122;1041;1077;47940
471;vt3_Tampere_Multisilta;20240501;*;;*;Kaikki;kaikki;613;436;295;205;212;265;368;432;581;1024;1592;2122;2301;2359;2344;2401;2398;2433;2221;1765;1303;998;615;283;29566
471;vt3_Tampere_Multisilta;20240502;*;;*;Kaikki;kaikki;154;136;103;130;221;785;2394;3747;3457;2460;2363;2489;2501;2713;3300;4454;4524;3289;2645;1991;1617;1070;647;352;47542
471;vt3_Tampere_Multisilta;20240503;*;;*;Kaikki;kaikki;217;162;123;148;227;703;2011;3349;3025;2406;2435;2696;2897;3372;4141;5175;4899;4010;3217;2385;1827;1257;881;587;52150
471;vt3_Tampere_Multisilta;20240504;*;;*;Kaikki;kaikki;399;241;175;135;161;247;470;907;1737;2596;3158;3442;3582;3535;3426;3286;2971;2878;2542;1954;1523;1170;955;589;42079
471;vt3_Tampere_Multisilta;20240505;*;;*;Kaikki;kaikki;430;275;210;124;104;112;264;460;905;1373;1975;2630;3127;3364;3606;3670;3701;3547;3165;2347;1685;1011;613;338;39036
471;vt3_Tampere_Multisilta;20240506;*;;*;Kaikki;kaikki;187;141;121;131;287;923;2525;3940;3525;2543;2267;2356;2379;2580;3048;4391;4674;3243;2497;2099;1519;1033;567;274;47250
471;vt3_Tampere_Multisilta;20240507;*;;*;Kaikki;kaikki;185;141;103;156;243;752;2459;4041;3458;2527;2184;2253;2421;2539;3224;4584;4839;3269;2627;1969;1607;1056;626;327;47590
471;vt3_Tampere_Multisilta;20240508;*;;*;Kaikki;kaikki;214;137;122;124;216;773;2363;3856;3343;2539;2259;2564;2681;2931;3709;5023;5222;4072;3219;2515;1894;1334;853;555;52518
471;vt3_Tampere_Multisilta;20240509;*;;*;Kaikki;kaikki;381;243;222;160;190;358;813;823;1022;1762;2306;2865;3129;3258;3234;3264;3023;2723;2504;1851;1434;1012;630;316;37523
471;vt3_Tampere_Multisilta;20240510;*;;*;Kaikki;kaikki;190;144;141;131;224;471;1513;2666;2495;2460;2573;2985;3311;3516;4150;4749;4547;3753;3146;2276;1771;1185;765;481;49643
471;vt3_Tampere_Multisilta;20240511;*;;*;Kaikki;kaikki;454;287;193;140;157;236;427;653;1108;2197;3023;3457;3615;3678;3684;3482;3321;3151;2854;2452;1642;1178;861;552;42802
471;vt3_Tampere_Multisilta;20240512;*;;*;Kaikki;kaikki;406;304;368;169;125;128;236;341;505;1166;1993;3042;3593;3611;3476;3885;4298;4204;3769;2815;2056;1239;651;322;42702
471;vt3_Tampere_Multisilta;20240513;*;;*;Kaikki;kaikki;172;93;117;127;291;899;2649;3853;3427;2567;2252;2400;2499;2622;3126;4328;4519;3021;2358;1868;1672;1061;661;357;46939
471;vt3_Tampere_Multisilta;20240514;*;;*;Kaikki;kaikki;246;161;165;149;244;772;2510;3936;3382;2498;2327;2297;2375;2591;3213;4510;4779;3262;2563;2143;1625;1221;712;388;48069
471;vt3_Tampere_Multisilta;20240515;*;;*;Kaikki;kaikki;257;186;150;166;228;806;2397;3940;3566;2551;2280;2445;2490;2721;3332;4753;4866;3538;2705;2189;1809;1266;785;394;49820
471;vt3_Tampere_Multisilta;20240516;*;;*;Kaikki;kaikki;278;207;150;173;256;796;2329;3850;3446;2468;2395;2569;2663;2825;3503;4839;4997;3606;2937;2364;1798;1260;845;499;51053
471;vt3_Tampere_Multisilta;20240517;*;;*;Kaikki;kaikki;335;253;158;191;271;757;2155;3404;3062;2710;2584;2768;3147;3521;4387;5260;5137;3659;3709;2570;2004;1375;1282;770;55469
471;vt3_Tampere_Multisilta;20240518;*;;*;Kaikki;kaikki;486;348;238;173;152;255;539;879;1525;2646;2910;3326;3412;3261;3279;3123;3018;2861;2411;1782;1529;1379;980;687;41199
471;vt3_Tampere_Multisilta;20240519;*;;*;Kaikki;kaikki;564;698;415;389;167;151;303;387;643;1126;1728;2408;3018;3123;3468;3472;3354;3536;3280;2642;1940;1364;723;431;39330
471;vt3_Tampere_Multisilta;20240520;*;;*;Kaikki;kaikki;219;161;155;152;315;874;2619;3944;3497;2635;2346;2432;2476;2555;3189;4483;4709;3394;2571;2013;1717;1030;683;330;48499
471;vt3_Tampere_Multisilta;20240521;*;;*;Kaikki;kaikki;248;174;123;131;236;814;2519;4054;3474;2632;2208;2352;2396;2587;3310;4659;4723;3420;2545;2062;1662;1112;680;383;48504
471;vt3_Tampere_Multisilta;20240522;*;;*;Kaikki;kaikki;241;161;132;157;241;806;2490;3891;3493;2517;2320;2401;2574;2776;3373;4632;4763;3539;3175;2215;1756;1409;1030;506;50598
471;vt3_Tampere_Multisilta;20240523;*;;*;Kaikki;kaikki;264;213;164;155;247;767;2423;3811;3376;2570;2502;2561;2710;2955;3467;4720;4923;3817;2910;2450;1885;1235;782;476;51383
471;vt3_Tampere_Multisilta;20240524;*;;*;Kaikki;kaikki;366;201;153;151;235;746;2088;3413;3048;2554;2544;2808;3177;3611;4382;5314;4962;4277;3417;2500;1855;1336;1007;765;54910
471;vt3_Tampere_Multisilta;20240525;*;;*;Kaikki;kaikki;517;359;278;206;173;266;495;829;1342;2358;2856;3310;3542;3538;3216;3008;2983;2635;2451;1853;1545;1188;936;699;40583
471;vt3_Tampere_Multisilta;20240526;*;;*;Kaikki;kaikki;522;389;296;215;139;157;290;363;604;1128;1806;2600;917;3280;3379;3564;3661;3553;3240;2499;1889;1182;708;372;36753
471;vt3_Tampere_Multisilta;20240527;*;;*;Kaikki;kaikki;253;166;138;160;307;927;2533;3811;3407;2577;2330;2496;2479;2676;3290;4397;4561;3214;2606;2025;1717;1184;770;344;48368
471;vt3_Tampere_Multisilta;20240528;*;;*;Kaikki;kaikki;233;202;132;135;244;839;2511;3968;3524;2569;2254;2400;2538;2694;3339;4493;4698;3367;2672;2110;1705;1183;759;448;49017
471;vt3_Tampere_Multisilta;20240529;*;;*;Kaikki;kaikki;266;177;149;139;240;813;2573;3846;3370;2526;2323;2407;2724;3110;3333;4453;4842;3439;2773;2173;1864;1257;805;425;50027
471;vt3_Tampere_Multisilta;20240530;*;;*;Kaikki;kaikki;287;179;153;143;277;766;2427;3695;3392;2569;2259;2678;2743;3104;3560;4808;4854;3567;3005;2414;1825;1299;845;485;51334
471;vt3_Tampere_Multisilta;20240531;*;;*;Kaikki;kaikki;290;227;175;170;241;792;2192;3241;3064;2494;2629;2865;3305;3596;4292;5079;5047;4196;3291;2526;2109;1374;1057;679;54931
471;vt3_Tampere_Multisilta;20240601;*;;*;Kaikki;kaikki;484;335;231;187;154;262;424;896;1269;2087;2921;3869;4754;4669;3902;3278;3222;3370;3177;2623;2094;1629;1319;648;47804
471;vt3_Tampere_Multisilta;20240602;*;;*;Kaikki;kaikki;565;443;349;250;203;185;307;361;482;1037;1778;2560;3100;3398;3634;3519;3608;3650;3254;2443;1926;1275;758;459;39544
471;vt3_Tampere_Multisilta;20240603;*;;*;Kaikki;kaikki;265;157;146;161;314;926;2548;3769;3458;2734;2566;2793;2719;2992;3389;4566;4621;3404;2761;2151;1781;1229;775;596;50821
471;vt3_Tampere_Multisilta;20240604;*;;*;Kaikki;kaikki;290;183;157;149;272;833;2474;3716;3357;2659;2525;2602;2839;2867;3518;4810;4882;3666;2848;2287;1882;1673;1081;510;52080
471;vt3_Tampere_Multisilta;20240605;*;;*;Kaikki;kaikki;291;184;137;154;261;794;2510;3678;3309;2740;2367;2643;2700;2931;3582;4900;4928;3868;3130;2300;1803;1275;1686;656;52827
471;vt3_Tampere_Multisilta;20240606;*;;*;Kaikki;kaikki;327;239;168;153;269;812;2420;3531;3269;2622;2584;2743;2884;3142;3624;4978;5070;3902;3033;2539;1938;1338;940;570;53095
471;vt3_Tampere_Multisilta;20240607;*;;*;Kaikki;kaikki;338;254;150;171;279;755;2192;3145;2739;2730;2714;3143;3522;4016;4634;5357;5161;4297;3506;2609;2075;1457;1006;715;56965
471;vt3_Tampere_Multisilta;20240608;*;;*;Kaikki;kaikki;615;587;380;204;200;284;488;861;1527;2391;3079;3619;3677;3819;3731;3304;3296;3169;2869;1954;1628;1427;1017;739;44865
471;vt3_Tampere_Multisilta;20240609;*;;*;Kaikki;kaikki;557;471;343;251;182;176;370;475;678;1321;1795;2532;3426;3512;3891;3949;3770;3693;3388;2377;1980;1273;768;445;41623
471;vt3_Tampere_Multisilta;20240610;*;;*;Kaikki;kaikki;415;674;305;191;306;887;2440;3561;3248;2587;2468;2786;2831;3005;3341;4546;4711;3442;2743;2116;1744;1080;688;369;50484
471;vt3_Tampere_Multisilta;20240611;*;;*;Kaikki;kaikki;238;173;176;151;255;753;2436;3662;3339;2664;2419;2613;2733;2997;3278;4604;4970;3685;2952;2216;1837;1377;832;465;50825
471;vt3_Tampere_Multisilta;20240612;*;;*;Kaikki;kaikki;307;186;163;167;293;736;2395;3548;3139;2632;2496;2652;2736;2930;3465;4753;4613;3745;2821;2385;1817;1275;848;462;50564
471;vt3_Tampere_Multisilta;20240613;*;;*;Kaikki;kaikki;318;217;173;165;255;762;2297;3488;3173;2742;2532;2836;3030;3197;3776;4961;4958;3970;3265;2476;2077;1341;928;538;53475
471;vt3_Tampere_Multisilta;20240614;*;;*;Kaikki;kaikki;361;235;212;168;273;706;2150;2970;2924;2809;3093;3380;3635;3936;4723;5546;5277;4521;3837;2782;2231;1495;1075;787;59126
471;vt3_Tampere_Multisilta;20240615;*;;*;Kaikki;kaikki;535;429;311;218;229;275;522;950;1498;2434;3263;3760;4046;3908;3730;3400;3349;3097;2917;2219;1862;1496;1113;772;46333
471;vt3_Tampere_Multisilta;20240616;*;;*;Kaikki;kaikki;630;473;326;246;205;244;314;510;786;1416;1995;2896;3735;4194;4420;4052;4331;4284;4068;2997;2172;1456;864;486;47100
471;vt3_Tampere_Multisilta;20240617;*;;*;Kaikki;kaikki;285;177;162;160;305;816;2559;3474;3115;2793;2652;2785;3046;3203;3538;4722;4594;3572;2890;2279;1879;1181;718;451;51356
471;vt3_Tampere_Multisilta;20240618;*;;*;Kaikki;kaikki;279;200;143;153;258;770;2364;3444;3096;2693;2667;2844;2945;3002;3473;4700;4748;3884;2959;2499;1981;1441;966;529;52038
471;vt3_Tampere_Multisilta;20240619;*;;*;Kaikki;kaikki;317;211;173;192;253;750;2282;3222;3014;2651;2569;2984;3144;3366;3837;4685;3884;3974;3638;2824;2407;1474;974;716;53541
471;vt3_Tampere_Multisilta;20240620;*;;*;Kaikki;kaikki;375;231;194;189;272;733;1961;2620;2380;2393;2701;3256;3720;4232;4598;4751;4637;4046;3720;2736;2053;1404;1013;653;54868
471;vt3_Tampere_Multisilta;20240621;*;;*;Kaikki;kaikki;448;302;243;169;183;239;388;473;733;1357;2424;3281;3459;2938;2637;2141;1646;1422;1199;1069;884;741;646;532;29554
471;vt3_Tampere_Multisilta;20240622;*;;*;Kaikki;kaikki;408;333;257;213;128;127;203;249;291;567;903;1346;1633;1680;1556;1566;1546;1468;1379;1299;1193;964;743;534;20586
471;vt3_Tampere_Multisilta;20240623;*;;*;Kaikki;kaikki;393;294;235;162;126;139;245;255;340;653;1238;2171;2905;3318;3732;3694;3783;3679;3576;2922;2183;1505;877;498;38923
471;vt3_Tampere_Multisilta;20240624;*;;*;Kaikki;kaikki;251;164;156;167;281;795;2098;2923;2576;2487;2549;2909;3103;3167;3624;4429;4390;3400;2763;2305;1834;1157;734;443;48705
471;vt3_Tampere_Multisilta;20240625;*;;*;Kaikki;kaikki;252;189;146;148;233;739;2111;2975;2675;2483;2523;2680;2920;3079;3369;4370;4390;3365;2693;2114;1969;1357;907;519;48206
471;vt3_Tampere_Multisilta;20240626;*;;*;Kaikki;kaikki;318;198;215;195;248;729;2050;2941;2686;2553;2512;2697;3170;3150;3552;4440;4473;3638;2884;2409;2010;1446;909;616;50039
471;vt3_Tampere_Multisilta;20240627;*;;*;Kaikki;kaikki;389;296;204;189;249;679;1968;2763;2580;2516;2813;3078;3167;3229;3711;4628;4504;3624;2968;2350;1996;1308;931;621;50761
471;vt3_Tampere_Multisilta;20240628;*;;*;Kaikki;kaikki;356;257;181;218;318;785;1749;2429;2279;2343;2744;3150;3500;3599;4352;4950;4752;4122;3071;2263;2071;1591;1071;756;52907
471;vt3_Tampere_Multisilta;20240629;*;;*;Kaikki;kaikki;489;391;284;256;204;267;449;658;1085;1837;2697;3368;3717;3605;3494;3275;3226;2991;2601;2060;1634;1325;944;941;41798
471;vt3_Tampere_Multisilta;20240630;*;;*;Kaikki;kaikki;583;421;325;239;186;201;315;463;649;1229;1896;2863;3464;3510;3826;3789;3895;3905;3609;2803;2023;1378;865;534;42971
471;vt3_Tampere_Multisilta;20240701;*;;*;Kaikki;kaikki;291;231;166;179;275;768;2080;2626;2324;2341;2690;3106;3298;3564;3865;4469;4483;3585;2813;2118;1620;1103;757;451;49203
471;vt3_Tampere_Multisilta;20240702;*;;*;Kaikki;kaikki;303;220;157;176;223;697;1980;2606;2377;2502;2758;3006;3153;3160;3528;4284;4449;3417;2714;2267;1856;1400;835;550;48618
471;vt3_Tampere_Multisilta;20240703;*;;*;Kaikki;kaikki;362;220;169;180;258;694;1946;2476;2317;2447;2644;3104;3365;3387;3755;4573;4484;3740;2808;2313;2132;1384;931;586;50275
471;vt3_Tampere_Multisilta;20240704;*;;*;Kaikki;kaikki;366;254;176;168;251;675;1961;2441;2178;2476;2696;3068;3405;3556;3920;4771;4740;3915;3103;2482;2144;1402;975;633;51756
471;vt3_Tampere_Multisilta;20240705;*;;*;Kaikki;kaikki;396;272;172;176;255;629;1670;2224;2015;2375;2859;3435;3964;4155;4715;5257;4868;4099;3259;2257;1749;1356;1273;1104;54534
471;vt3_Tampere_Multisilta;20240706;*;;*;Kaikki;kaikki;588;400;289;206;178;258;406;590;1029;1942;2654;3337;3807;3755;3671;3146;3140;3046;2560;1845;1609;1451;1013;783;41703
471;vt3_Tampere_Multisilta;20240707;*;;*;Kaikki;kaikki;644;547;350;259;192;165;266;358;515;1010;1746;2757;3590;3891;3854;3974;3921;3628;3189;2537;1961;1383;861;479;42077
471;vt3_Tampere_Multisilta;20240708;*;;*;Kaikki;kaikki;288;287;244;190;324;760;1982;2474;2318;2576;2925;3363;3477;3550;3703;4407;4155;3336;2666;2148;1848;1257;848;482;49608
471;vt3_Tampere_Multisilta;20240709;*;;*;Kaikki;kaikki;299;208;148;160;211;609;1810;2350;2041;2252;2650;3100;3341;3424;3758;4405;4318;3474;2690;2160;1796;1241;756;466;47667
471;vt3_Tampere_Multisilta;20240710;*;;*;Kaikki;kaikki;370;206;176;141;207;661;1784;2311;2107;2433;2867;3148;3493;3386;3597;4329;4279;3476;2873;2385;2191;1539;950;557;49466
471;vt3_Tampere_Multisilta;20240711;*;;*;Kaikki;kaikki;365;264;205;142;249;583;1732;2255;1946;2280;2636;3174;3516;3651;3831;4722;4609;3699;3033;2477;1953;1251;838;539;49950
471;vt3_Tampere_Multisilta;20240712;*;;*;Kaikki;kaikki;288;214;187;189;232;585;1597;2015;1824;2363;2887;3507;3902;4249;4558;5008;4627;3887;3247;2348;1885;1489;1060;750;52898
471;vt3_Tampere_Multisilta;20240713;*;;*;Kaikki;kaikki;539;588;307;202;182;253;425;617;1025;2077;2954;3376;3683;3602;3288;3054;2982;2873;2587;1997;1900;1607;1304;794;42216
471;vt3_Tampere_Multisilta;20240714;*;;*;Kaikki;kaikki;587;462;355;245;192;217;290;382;548;1098;1801;2686;3553;3810;3960;3905;3923;3888;3341;2741;1968;1275;726;435;42388
471;vt3_Tampere_Multisilta;20240715;*;;*;Kaikki;kaikki;417;231;158;155;276;666;1857;2387;2105;2432;2901;3259;3590;3663;3817;4404;4159;3637;2955;2261;1856;1628;875;492;50181
471;vt3_Tampere_Multisilta;20240716;*;;*;Kaikki;kaikki;320;201;163;148;243;599;1769;2313;2063;2515;2907;3192;3407;3513;3654;4431;4250;3399;2821;2291;2026;1630;941;599;49395
471;vt3_Tampere_Multisilta;20240717;*;;*;Kaikki;kaikki;329;219;157;154;207;609;1707;2248;1895;2331;2731;3148;3546;3723;4099;4620;4573;3833;2976;2179;2037;1368;939;582;50210
471;vt3_Tampere_Multisilta;20240718;*;;*;Kaikki;kaikki;353;249;170;158;204;573;1729;2090;1809;2354;2815;3336;3801;3830;4058;4788;4619;3805;3128;2532;2188;1477;917;614;51597
471;vt3_Tampere_Multisilta;20240719;*;;*;Kaikki;kaikki;437;250;198;147;238;588;1495;1887;1770;2160;2762;3499;3919;4253;4712;5117;4725;4042;3356;2543;2018;1439;956;763;53274
471;vt3_Tampere_Multisilta;20240720;*;;*;Kaikki;kaikki;570;349;269;180;217;260;433;569;965;1859;2722;3400;3680;3672;3543;3320;3213;2991;2572;2057;1698;1272;1252;1028;42091
471;vt3_Tampere_Multisilta;20240721;*;;*;Kaikki;kaikki;1069;551;425;295;201;210;309;401;715;1237;1943;2834;3567;3965;3970;3999;3902;3926;3752;3283;2483;1556;955;596;46144
471;vt3_Tampere_Multisilta;20240722;*;;*;Kaikki;kaikki;278;201;152;145;249;718;1957;2422;2239;2592;2944;3356;3602;3506;3773;4301;4063;3329;2743;2156;1912;1248;936;547;49369
471;vt3_Tampere_Multisilta;20240723;*;;*;Kaikki;kaikki;311;209;161;141;218;630;1763;2294;2079;2382;2726;3164;3295;3415;3721;4366;4323;3487;2773;2259;1974;1489;887;593;48660
471;vt3_Tampere_Multisilta;20240724;*;;*;Kaikki;kaikki;339;213;166;162;220;617;1789;391;1944;2341;2732;3097;3449;3552;3964;4551;4568;3651;2932;2400;2043;1378;908;521;47928
471;vt3_Tampere_Multisilta;20240725;*;;*;Kaikki;kaikki;309;227;176;142;227;598;1778;2228;2037;2482;2839;3160;3557;3743;4000;4757;4499;3770;3182;2479;2211;1795;993;674;51863
471;vt3_Tampere_Multisilta;20240726;*;;*;Kaikki;kaikki;348;276;198;170;222;580;1598;2007;1885;2389;2989;3502;3930;4217;4521;5109;4885;4153;3356;2683;2218;1665;1162;776;54839
471;vt3_Tampere_Multisilta;20240727;*;;*;Kaikki;kaikki;556;393;254;194;186;241;438;770;1206;2140;2769;3492;3999;3889;3752;3496;3224;2987;2723;2312;2010;1315;1070;821;44237
471;vt3_Tampere_Multisilta;20240728;*;;*;Kaikki;kaikki;581;575;612;274;184;179;284;374;585;1201;1824;2836;3572;3988;4036;3987;3918;4012;3471;2651;2310;1571;1022;507;44554
471;vt3_Tampere_Multisilta;20240729;*;;*;Kaikki;kaikki;279;410;487;164;277;787;2110;2593;2313;2466;2594;3015;3272;3479;3809;4594;4439;3467;2772;2156;1778;1304;927;483;49975
471;vt3_Tampere_Multisilta;20240730;*;;*;Kaikki;kaikki;259;169;140;137;203;669;1973;2577;2275;2516;2866;3190;3392;3519;3746;4670;4666;3638;2853;2353;2016;1454;952;521;50754
471;vt3_Tampere_Multisilta;20240731;*;;*;Kaikki;kaikki;313;392;433;167;219;661;1933;2530;2273;2383;2634;3158;3528;3900;4223;5100;4901;3737;3150;2535;2140;1404;937;565;53216
471;vt3_Tampere_Multisilta;20240801;*;;*;Kaikki;kaikki;353;360;539;247;249;685;1948;2614;2400;2488;2897;3376;3699;3817;4181;5126;5057;4156;3400;2689;2264;1576;941;622;55684
471;vt3_Tampere_Multisilta;20240802;*;;*;Kaikki;kaikki;336;235;170;150;232;632;1809;2272;2125;2437;2968;3433;3849;4111;4863;5315;5177;4319;3593;2732;2208;1633;1087;790;56476
471;vt3_Tampere_Multisilta;20240803;*;;*;Kaikki;kaikki;494;339;249;187;177;257;474;737;1281;2147;2822;3548;3975;4041;3986;3630;3473;3355;3257;2271;2159;1564;1113;920;46456
471;vt3_Tampere_Multisilta;20240804;*;;*;Kaikki;kaikki;561;447;330;183;168;193;290;422;670;1199;2003;2834;3650;3798;4126;4396;4312;4244;3700;2910;2212;1467;855;528;45498
471;vt3_Tampere_Multisilta;20240805;*;;*;Kaikki;kaikki;271;168;169;167;278;834;2264;3263;3024;2468;2558;2791;2993;3002;3485;4585;4594;3706;2830;2136;1861;1198;760;433;49838
471;vt3_Tampere_Multisilta;20240806;*;;*;Kaikki;kaikki;271;209;140;161;241;695;2112;3288;3083;2537;2434;2751;2857;3016;3473;4606;4951;3650;2880;2236;2107;1393;800;464;50355
471;vt3_Tampere_Multisilta;20240807;*;;*;Kaikki;kaikki;250;152;154;142;218;685;2039;3213;3008;2605;2430;2529;2805;2941;3383;2641;3306;3626;2775;2205;2019;1420;829;487;45862
471;vt3_Tampere_Multisilta;20240808;*;;*;Kaikki;kaikki;244;201;149;148;232;709;2065;3375;3012;2490;2459;2601;2824;3072;3673;4683;4857;3887;2919;2288;1999;1761;964;498;51110
471;vt3_Tampere_Multisilta;20240809;*;;*;Kaikki;kaikki;281;173;160;149;215;659;1902;2975;2631;2450;2572;2949;3320;3866;4459;5313;5296;4236;3355;2447;1860;1536;990;711;54505
471;vt3_Tampere_Multisilta;20240810;*;;*;Kaikki;kaikki;449;281;266;200;180;210;422;656;1016;1834;2613;3354;3824;3841;3516;3499;3241;2974;2622;1954;1695;1331;1019;766;41763
471;vt3_Tampere_Multisilta;20240811;*;;*;Kaikki;kaikki;550;402;299;215;159;180;307;378;644;1112;1806;2674;3204;3683;3868;3939;3949;3975;3535;2941;2204;1292;717;370;42403
471;vt3_Tampere_Multisilta;20240812;*;;*;Kaikki;kaikki;243;140;129;155;297;835;2435;3742;3250;2494;2317;2551;2624;2689;3213;4491;4481;3338;2598;2052;1687;1173;718;378;48030
471;vt3_Tampere_Multisilta;20240813;*;;*;Kaikki;kaikki;226;139;131;132;244;738;2289;3753;3309;2497;2289;2539;2623;2732;3323;4661;4873;3455;2709;2185;1799;1297;847;447;49237
471;vt3_Tampere_Multisilta;20240814;*;;*;Kaikki;kaikki;232;149;119;140;239;771;2341;3673;3248;2560;2271;2572;2622;2794;3481;4629;4946;3585;2829;2187;1911;1466;889;468;50122
471;vt3_Tampere_Multisilta;20240815;*;;*;Kaikki;kaikki;274;179;145;140;251;732;2186;3679;3231;2517;2463;2658;2733;2981;3785;5057;5223;3970;3282;2742;2161;1491;1021;527;53428
471;vt3_Tampere_Multisilta;20240816;*;;*;Kaikki;kaikki;301;203;163;166;223;737;2019;3099;2786;2630;2756;3298;3665;4210;4970;5802;5435;4573;3948;2691;1918;1505;1202;899;59199
471;vt3_Tampere_Multisilta;20240817;*;;*;Kaikki;kaikki;617;474;347;231;215;260;450;716;1139;2076;3014;3807;3937;3709;3632;3525;3263;3053;2720;2072;1721;1554;1131;885;44548
471;vt3_Tampere_Multisilta;20240818;*;;*;Kaikki;kaikki;892;665;406;345;261;233;374;388;776;1201;1825;2948;3935;4099;4049;3941;4152;4081;3673;2909;2207;1419;777;379;45935
471;vt3_Tampere_Multisilta;20240819;*;;*;Kaikki;kaikki;217;145;120;132;283;854;2481;3802;3369;2544;2312;2409;2482;2708;3150;4482;4618;3215;2626;2084;1722;1253;732;392;48132
471;vt3_Tampere_Multisilta;20240820;*;;*;Kaikki;kaikki;246;165;136;130;236;740;2366;3853;3369;2541;2290;2483;2563;2699;3310;4554;4842;3422;2694;2134;1782;1206;720;406;48887
471;vt3_Tampere_Multisilta;20240821;*;;*;Kaikki;kaikki;252;159;128;143;225;761;2345;3839;3346;2406;2175;2419;2505;2833;3290;4749;4954;3573;2850;2239;1965;1300;892;427;49775
471;vt3_Tampere_Multisilta;20240822;*;;*;Kaikki;kaikki;242;159;125;140;235;763;2329;3766;3243;2485;2332;2542;2708;3006;3511;4857;5036;3813;3032;2489;1928;1343;910;415;51409
471;vt3_Tampere_Multisilta;20240823;*;;*;Kaikki;kaikki;263;179;129;168;241;720;2060;3234;2888;2504;2513;2986;3328;3892;4670;5603;5525;4615;3519;2579;2103;1603;1179;723;57224
471;vt3_Tampere_Multisilta;20240824;*;;*;Kaikki;kaikki;455;401;526;216;181;231;465;821;1339;2201;2976;3696;4197;4182;3970;3619;3285;2937;2863;2259;1646;1281;1119;1497;46363
471;vt3_Tampere_Multisilta;20240825;*;;*;Kaikki;kaikki;1178;511;479;249;156;154;308;386;632;1150;1844;2788;3507;3769;3850;4022;4168;4084;3520;2685;2170;1302;707;372;43991
471;vt3_Tampere_Multisilta;20240826;*;;*;Kaikki;kaikki;208;120;131;158;294;860;2458;3897;3453;2488;2304;2462;2509;2622;3187;4490;4640;3263;2595;2087;1710;1100;660;356;48052
471;vt3_Tampere_Multisilta;20240827;*;;*;Kaikki;kaikki;208;153;118;144;261;741;2456;4046;3408;2617;2219;2358;2497;2676;3295;4605;4870;3518;2777;2159;1849;1208;695;396;49274
471;vt3_Tampere_Multisilta;20240828;*;;*;Kaikki;kaikki;214;157;116;131;232;745;2375;3932;3345;2504;2303;2411;2509;2672;3342;4735;5015;3538;2761;2319;1946;1259;869;395;49825
471;vt3_Tampere_Multisilta;20240829;*;;*;Kaikki;kaikki;208;176;145;166;242;740;2369;3857;3341;2627;2268;2522;2637;2849;3476;4826;5309;3875;3222;2478;2043;1436;973;503;52288
471;vt3_Tampere_Multisilta;20240830;*;;*;Kaikki;kaikki;264;192;148;140;252;710;2114;3325;2872;2530;2514;2891;3344;3826;4553;5596;5443;4549;3681;2563;1877;1459;1032;766;56641
471;vt3_Tampere_Multisilta;20240831;*;;*;Kaikki;kaikki;548;380;259;184;152;231;430;802;1223;2071;2858;3545;3890;3779;3662;3464;3109;3057;2793;2085;1537;1211;1048;807;43125
471;vt3_Tampere_Multisilta;20240901;*;;*;Kaikki;kaikki;753;524;322;195;180;160;343;378;604;1170;1760;2684;3544;3807;3960;3984;4103;3885;3392;2648;1883;1225;705;335;42544
471;vt3_Tampere_Multisilta;20240902;*;;*;Kaikki;kaikki;196;142;146;159;314;824;2492;3877;3324;2487;2189;2363;2524;2640;3106;4510;4586;3283;2588;1999;1548;1106;639;351;47393
471;vt3_Tampere_Multisilta;20240903;*;;*;Kaikki;kaikki;209;148;129;142;236;752;2447;4104;3434;2478;2292;2340;2386;2634;3206;4615;4793;3672;2685;2157;1790;1232;722;351;48954
471;vt3_Tampere_Multisilta;20240904;*;;*;Kaikki;kaikki;213;157;125;139;248;752;2320;3965;3366;2599;2269;2425;2663;2678;3422;4754;4812;3228;2715;2229;1906;1183;829;378;49375
471;vt3_Tampere_Multisilta;20240905;*;;*;Kaikki;kaikki;238;176;146;137;248;714;2423;3763;3351;2631;2437;2556;2672;2861;3517;4873;5125;3846;3114;2414;2008;1466;889;408;52013
471;vt3_Tampere_Multisilta;20240906;*;;*;Kaikki;kaikki;263;161;147;175;229;715;2052;3387;2948;2517;2450;2723;3137;3580;4492;4650;5314;1932;3643;2703;2123;1527;1023;678;52569
471;vt3_Tampere_Multisilta;20240907;*;;*;Kaikki;kaikki;554;317;226;171;179;228;545;839;1338;2207;2944;3617;3812;3615;3373;3394;3080;2885;2693;2405;1810;1321;930;712;43195
471;vt3_Tampere_Multisilta;20240908;*;;*;Kaikki;kaikki;545;370;281;203;138;163;296;435;669;1153;1746;2625;3185;3477;3674;3963;3887;3937;3454;2859;2078;1277;728;376;41519
471;vt3_Tampere_Multisilta;20240909;*;;*;Kaikki;kaikki;238;171;123;132;299;860;2547;3960;3410;2481;2231;2352;2417;2556;3102;4444;1898;3279;2459;2035;1587;1114;616;313;44624
471;vt3_Tampere_Multisilta;20240910;*;;*;Kaikki;kaikki;197;146;134;148;228;741;2497;4054;3556;2602;2160;2291;2469;2667;3349;4663;4839;3728;2540;1964;1687;1416;723;302;49101
471;vt3_Tampere_Multisilta;20240911;*;;*;Kaikki;kaikki;222;159;139;143;230;754;2338;3938;3619;2651;2322;2393;2545;2881;3397;4743;4882;3508;2659;2102;1772;1169;756;376;49698
471;vt3_Tampere_Multisilta;20240912;*;;*;Kaikki;kaikki;221;165;130;142;237;738;2413;3912;3466;2590;2445;2548;2650;2866;3545;4979;5134;3968;2923;2322;1851;1323;837;380;51785
471;vt3_Tampere_Multisilta;20240913;*;;*;Kaikki;kaikki;245;166;131;152;224;705;2114;3345;2852;2471;2473;2733;2990;3530;4420;5326;5299;4376;3369;2422;1805;1336;952;654;54090
471;vt3_Tampere_Multisilta;20240914;*;;*;Kaikki;kaikki;418;280;226;187;166;224;430;710;1168;2126;2684;3562;3803;3805;3636;3427;3298;3017;2706;2126;1543;1103;871;600;42116
471;vt3_Tampere_Multisilta;20240915;*;;*;Kaikki;kaikki;424;344;231;216;129;148;298;386;608;1032;1758;2481;3224;3653;3629;3684;3818;3719;3213;2652;1878;1169;626;366;39686
471;vt3_Tampere_Multisilta;20240916;*;;*;Kaikki;kaikki;167;131;136;142;302;849;2539;3873;3465;2560;2218;2344;2389;2573;3172;4443;4688;3343;2576;2066;1646;1060;596;311;47589
471;vt3_Tampere_Multisilta;20240917;*;;*;Kaikki;kaikki;186;147;151;127;230;784;2381;3930;3469;2468;2049;2242;2375;2585;3225;4640;4832;3447;2617;2026;1751;1140;640;327;47769
471;vt3_Tampere_Multisilta;20240918;*;;*;Kaikki;kaikki;186;128;113;128;214;822;2394;3987;3424;2513;2280;2500;2477;2714;3264;4647;4856;3561;2698;2067;1758;1234;764;389;49118
471;vt3_Tampere_Multisilta;20240919;*;;*;Kaikki;kaikki;208;166;121;162;210;752;2388;3855;3343;2475;2281;2386;2586;2738;3636;4812;5162;3675;3040;2416;1885;1214;780;422;50713
471;vt3_Tampere_Multisilta;20240920;*;;*;Kaikki;kaikki;229;163;142;163;243;720;2137;3444;2901;2413;2375;2825;3057;3658;4447;5613;5417;2810;1884;2545;1932;1462;1187;631;52398
471;vt3_Tampere_Multisilta;20240921;*;;*;Kaikki;kaikki;447;279;248;174;163;268;437;735;1189;2148;2855;3491;3752;3560;3546;3395;3373;3144;2632;2186;1739;1675;1313;1089;43838
471;vt3_Tampere_Multisilta;20240922;*;;*;Kaikki;kaikki;563;399;269;179;117;132;267;343;544;1028;1780;2529;3298;3705;3726;3836;3920;4006;3381;2499;1756;1111;590;303;40281
471;vt3_Tampere_Multisilta;20240923;*;;*;Kaikki;kaikki;188;135;114;152;259;903;2490;3900;3438;2478;2115;2311;2427;2641;3045;4414;4376;3239;2538;1960;1511;1004;560;298;46496
471;vt3_Tampere_Multisilta;20240924;*;;*;Kaikki;kaikki;188;157;126;134;244;732;2416;4090;3449;2453;2063;2233;2320;2639;3107;4621;4786;3436;2759;2031;1651;1336;649;331;47951
471;vt3_Tampere_Multisilta;20240925;*;;*;Kaikki;kaikki;248;175;148;138;237;755;2316;3964;3311;2450;2129;2323;2525;2682;3295;4589;4691;3491;2701;2088;1627;1203;689;417;48192
471;vt3_Tampere_Multisilta;20240926;*;;*;Kaikki;kaikki;262;156;116;160;239;703;2349;3833;3316;2509;2240;2450;2665;2824;3430;4737;4969;3761;2969;2381;1848;1139;744;393;50193
471;vt3_Tampere_Multisilta;20240927;*;;*;Kaikki;kaikki;231;183;149;164;233;674;2006;3405;2890;2435;2328;2601;2964;3501;4309;5375;5238;4493;3354;2241;1725;1296;1242;726;53763
471;vt3_Tampere_Multisilta;20240928;*;;*;Kaikki;kaikki;532;318;297;169;202;269;426;727;1204;2255;2862;3537;3813;3719;3676;3500;3427;3131;2727;1873;1457;1095;1050;705;42971
471;vt3_Tampere_Multisilta;20240929;*;;*;Kaikki;kaikki;493;350;265;179;166;159;281;359;602;1141;1810;2638;3178;3444;3852;3955;3771;3952;3264;2463;1747;1053;676;296;40094
471;vt3_Tampere_Multisilta;20240930;*;;*;Kaikki;kaikki;169;134;128;140;280;820;2442;3873;3439;2533;2297;2423;2529;2728;3295;4563;4652;3412;2576;2052;1561;1083;651;310;48090
471;vt3_Tampere_Multisilta;20241001;*;;*;Kaikki;kaikki;180;161;141;127;235;745;2392;4113;3857;2890;2414;2416;2485;2820;3416;4714;5042;3779;2658;2059;1592;1143;628;370;50377
471;vt3_Tampere_Multisilta;20241002;*;;*;Kaikki;kaikki;262;174;119;129;231;704;2424;3954;3755;2936;2468;2442;2583;2799;3534;4953;5008;3651;2680;1994;1538;1154;689;331;50512
471;vt3_Tampere_Multisilta;20241003;*;;*;Kaikki;kaikki;240;147;149;151;205;723;2343;3880;3630;2854;2405;2654;2825;3119;3533;5061;4915;3895;3006;2284;1751;1151;674;402;51997
471;vt3_Tampere_Multisilta;20241004;*;;*;Kaikki;kaikki;248;179;137;177;255;657;2055;3347;2941;2541;2426;2818;3128;3522;4248;5423;5245;4321;3344;2357;1753;1383;925;610;54040
471;vt3_Tampere_Multisilta;20241005;*;;*;Kaikki;kaikki;421;334;229;198;152;257;452;745;1191;2253;3065;3468;3757;3722;3555;3542;3358;3018;2693;2089;1720;1267;1159;1331;43976
471;vt3_Tampere_Multisilta;20241006;*;;*;Kaikki;kaikki;543;409;251;191;115;144;256;373;730;1116;1801;2610;3376;3707;3799;3841;3657;3524;3266;2381;1726;1018;579;294;39707
471;vt3_Tampere_Multisilta;20241007;*;;*;Kaikki;kaikki;148;152;116;128;286;848;2504;3921;3447;2412;2149;2231;2346;2495;3051;4163;4330;3253;2470;1878;1472;943;584;300;45627
471;vt3_Tampere_Multisilta;20241008;*;;*;Kaikki;kaikki;197;133;110;136;217;759;2513;4050;3454;2523;2098;2215;2364;2535;3112;4597;4710;3251;2422;1902;1481;959;591;321;46650
471;vt3_Tampere_Multisilta;20241009;*;;*;Kaikki;kaikki;200;131;125;142;224;771;2456;3858;3429;2427;2123;2228;2401;2585;3229;4506;4732;3294;2479;1899;1540;1053;601;282;46715
471;vt3_Tampere_Multisilta;20241010;*;;*;Kaikki;kaikki;226;146;116;175;232;756;2338;3771;3264;2449;2271;2439;2671;2970;3494;4906;4952;3813;2849;2118;1642;1040;717;357;49712
471;vt3_Tampere_Multisilta;20241011;*;;*;Kaikki;kaikki;282;249;212;194;250;740;2090;3386;2907;2368;2401;2740;3091;3616;4400;5559;5493;4462;3442;2360;1888;1331;886;605;54952
471;vt3_Tampere_Multisilta;20241012;*;;*;Kaikki;kaikki;448;296;231;200;160;245;516;813;1311;2237;2992;3700;4068;4013;3991;3716;3703;3160;2560;1989;1472;1087;813;608;44329
471;vt3_Tampere_Multisilta;20241013;*;;*;Kaikki;kaikki;390;263;221;192;131;138;239;374;588;1099;1849;2700;3356;3754;3929;3944;3709;3742;3109;2217;1616;994;660;510;39724
471;vt3_Tampere_Multisilta;20241014;*;;*;Kaikki;kaikki;230;125;123;132;270;843;2325;3242;2703;2379;2402;2633;2992;3038;3358;4474;4461;3327;2486;1817;1469;979;615;331;46754
471;vt3_Tampere_Multisilta;20241015;*;;*;Kaikki;kaikki;214;163;115;145;230;744;2223;3148;2787;2377;2441;2742;2787;2986;3482;4792;3556;1975;2781;1950;1783;1253;695;386;45755
471;vt3_Tampere_Multisilta;20241016;*;;*;Kaikki;kaikki;244;133;136;123;219;731;2089;3139;2757;2388;2387;2787;2979;3294;3802;4877;5004;3815;3139;2234;1657;1310;769;406;50419
471;vt3_Tampere_Multisilta;20241017;*;;*;Kaikki;kaikki;271;185;140;119;206;702;2079;2981;2669;2426;2485;2853;3229;3419;3976;4889;4824;3837;3272;2425;1787;1200;851;465;51290
471;vt3_Tampere_Multisilta;20241018;*;;*;Kaikki;kaikki;298;212;148;133;228;600;1853;2521;2307;2285;2601;3017;3473;3886;4520;5383;5018;4266;3553;2347;1768;1349;1272;636;53674
471;vt3_Tampere_Multisilta;20241019;*;;*;Kaikki;kaikki;457;323;245;165;178;202;388;685;1030;1852;2548;3317;3804;3793;3791;3777;3666;3418;2755;2054;1722;1304;918;695;43087
471;vt3_Tampere_Multisilta;20241020;*;;*;Kaikki;kaikki;487;277;258;181;155;107;248;353;658;1038;1587;2611;3320;3663;4012;4221;4309;4088;3207;2488;1545;1062;540;328;40743
471;vt3_Tampere_Multisilta;20241021;*;;*;Kaikki;kaikki;207;121;144;129;253;802;2441;3874;3533;2426;2156;2389;2460;2644;3151;4523;4550;3327;2433;1776;1491;1117;564;304;46815
471;vt3_Tampere_Multisilta;20241022;*;;*;Kaikki;kaikki;207;128;127;146;212;735;2434;3830;878;2703;2238;2389;2509;2733;3237;4676;4674;3537;2610;1837;1590;1211;639;360;45640
471;vt3_Tampere_Multisilta;20241023;*;;*;Kaikki;kaikki;228;154;102;138;227;733;2403;3956;3620;2704;2284;2403;2534;2786;3456;4735;4960;3668;2645;2005;1466;1035;657;350;49249
471;vt3_Tampere_Multisilta;20241024;*;;*;Kaikki;kaikki;232;150;113;145;237;760;2353;3872;775;2620;2296;2581;2650;2994;3535;4884;5134;3750;2886;2045;1617;1045;735;392;47801
471;vt3_Tampere_Multisilta;20241025;*;;*;Kaikki;kaikki;268;159;140;158;201;684;2009;3446;2973;2441;2468;2688;3140;3602;4522;5693;5455;4701;3343;2186;1777;1379;1267;685;55385
471;vt3_Tampere_Multisilta;20241026;*;;*;Kaikki;kaikki;445;320;260;206;169;266;432;733;1049;2171;2688;3456;3726;3773;3896;3779;3436;3263;2597;1922;1540;1368;1342;730;43567
471;vt3_Tampere_Multisilta;20241027;*;;*;Kaikki;kaikki;500;372;272;;361;196;296;392;722;1276;2084;2730;3374;3556;3684;3841;3684;3430;2811;1956;1451;943;535;274;38740
471;vt3_Tampere_Multisilta;20241028;*;;*;Kaikki;kaikki;158;123;120;118;261;836;2550;3989;3429;2480;2063;2363;2410;2473;3045;4514;4593;3133;2306;1796;1434;937;561;273;45965
471;vt3_Tampere_Multisilta;20241029;*;;*;Kaikki;kaikki;215;131;102;132;207;706;2388;3990;3512;2561;2129;2324;2565;2546;3220;4612;4758;3469;2464;1829;1575;997;594;277;47303
471;vt3_Tampere_Multisilta;20241030;*;;*;Kaikki;kaikki;163;135;110;123;199;769;2471;3877;3418;2465;2200;2325;2558;2694;3394;4723;4854;3557;2552;1964;1644;1065;633;309;48202
471;vt3_Tampere_Multisilta;20241031;*;;*;Kaikki;kaikki;208;136;115;132;195;729;2293;3792;3370;2576;2286;2435;2625;2821;3543;4874;4818;3283;2895;2056;1658;1161;679;406;49086
471;vt3_Tampere_Multisilta;20241101;*;;*;Kaikki;kaikki;259;171;123;135;207;677;2004;3152;2784;2216;2231;2544;2804;3181;3992;4717;4789;3377;2858;1989;1490;1154;895;1311;49060
471;vt3_Tampere_Multisilta;20241102;*;;*;Kaikki;kaikki;480;287;230;190;182;223;401;557;794;1610;2185;2895;3224;3404;3403;3487;3146;2650;2144;1588;1229;1658;869;586;37422
471;vt3_Tampere_Multisilta;20241103;*;;*;Kaikki;kaikki;441;296;235;170;169;139;276;335;505;928;1534;2223;2795;2977;3209;3161;3158;2953;2461;1781;1303;846;533;273;32701
471;vt3_Tampere_Multisilta;20241104;*;;*;Kaikki;kaikki;135;120;96;131;258;783;2245;3540;3188;2174;1950;2079;2182;2413;2849;4172;4143;2818;2136;1564;1307;863;572;290;42008
471;vt3_Tampere_Multisilta;20241105;*;;*;Kaikki;kaikki;182;112;112;112;205;714;2398;3857;3252;2300;2010;2204;2352;2515;3073;4449;4631;3247;2364;1694;1485;1022;636;291;45217
471;vt3_Tampere_Multisilta;20241106;*;;*;Kaikki;kaikki;224;236;124;117;206;745;2371;3809;3446;2437;2083;2266;2457;2546;3268;4673;4743;3470;2476;1836;1475;983;643;328;46962
471;vt3_Tampere_Multisilta;20241107;*;;*;Kaikki;kaikki;231;199;127;121;213;738;2303;3805;3391;2535;2271;2368;2685;2828;3425;4754;4920;3552;2618;2006;1531;1003;668;387;48679
471;vt3_Tampere_Multisilta;20241108;*;;*;Kaikki;kaikki;249;191;112;129;212;687;2031;3311;2906;2399;2328;2630;2996;3540;4466;5461;5191;4291;3389;2317;1681;1229;1118;854;53718
471;vt3_Tampere_Multisilta;20241109;*;;*;Kaikki;kaikki;476;325;244;165;157;228;481;691;1296;2066;2743;3531;3901;3806;3918;3821;3572;3056;2545;1848;1417;1403;928;614;43232
471;vt3_Tampere_Multisilta;20241110;*;;*;Kaikki;kaikki;452;292;223;160;118;109;240;287;528;1052;1745;2630;3362;3463;3455;3716;3895;3716;3146;2390;1819;1033;550;271;38652
471;vt3_Tampere_Multisilta;20241111;*;;*;Kaikki;kaikki;156;113;105;118;264;805;2429;3879;3446;2481;2092;2228;2248;2505;2983;4334;4292;2836;2214;1648;1336;844;528;290;44174
471;vt3_Tampere_Multisilta;20241112;*;;*;Kaikki;kaikki;173;125;138;127;223;710;2365;3921;3412;2390;2002;2173;2229;2463;3105;4457;4505;3229;2440;1693;1435;1103;564;286;45268
471;vt3_Tampere_Multisilta;20241113;*;;*;Kaikki;kaikki;200;148;106;123;213;715;2345;3740;3423;2432;2019;2169;2480;2571;3179;4512;4547;3183;2512;1801;1400;1106;594;317;45835
471;vt3_Tampere_Multisilta;20241114;*;;*;Kaikki;kaikki;215;158;111;143;205;711;2271;3690;3299;2446;2231;2297;2569;2823;3416;4804;4721;3486;2643;1979;1614;1096;725;374;48027
471;vt3_Tampere_Multisilta;20241115;*;;*;Kaikki;kaikki;251;171;149;124;218;687;2012;3339;3049;2696;2576;2764;3052;3390;4571;5393;4974;4353;3126;1971;1713;1710;993;677;53959
471;vt3_Tampere_Multisilta;20241116;*;;*;Kaikki;kaikki;517;377;287;212;199;243;404;695;1352;2265;2844;3344;3683;3738;3850;3674;3590;3194;2406;1799;1376;1075;809;573;42506
471;vt3_Tampere_Multisilta;20241117;*;;*;Kaikki;kaikki;484;346;241;184;123;143;262;340;578;1218;1836;2608;3129;3702;3793;4035;3788;3482;3114;2085;1445;927;518;306;38687
471;vt3_Tampere_Multisilta;20241118;*;;*;Kaikki;kaikki;190;127;98;119;256;787;2319;3757;3351;2451;2038;2169;2259;2390;2953;4281;4330;2908;2219;1643;1316;855;575;291;43682
471;vt3_Tampere_Multisilta;20241119;*;;*;Kaikki;kaikki;196;128;118;137;201;712;2314;3910;3494;2477;2055;2137;2315;2594;3138;4504;4484;3222;2379;1831;1414;950;646;330;45686
471;vt3_Tampere_Multisilta;20241120;*;;*;Kaikki;kaikki;189;145;134;108;196;712;2285;3608;3246;2280;1969;2161;2224;2252;2858;4039;3591;2445;1707;1401;1160;789;564;332;40395
471;vt3_Tampere_Multisilta;20241121;*;;*;Kaikki;kaikki;213;162;128;139;213;626;1863;2986;2797;2000;1763;1935;2170;2422;2928;4066;4104;2867;2427;1762;1455;1159;621;405;41211
471;vt3_Tampere_Multisilta;20241122;*;;*;Kaikki;kaikki;229;170;151;165;236;655;1940;3081;2973;2210;2197;2472;2686;3259;3862;4896;4558;3624;2808;2028;1563;1069;1168;715;48715
471;vt3_Tampere_Multisilta;20241123;*;;*;Kaikki;kaikki;480;360;272;181;185;237;420;608;1033;1797;2467;3035;3558;3608;3606;3552;3115;2757;2361;1673;1240;971;1068;695;39279
471;vt3_Tampere_Multisilta;20241124;*;;*;Kaikki;kaikki;489;369;256;178;129;150;252;322;462;857;1555;2366;2997;3286;3415;3535;3359;3049;2590;1876;1319;885;512;252;34460
471;vt3_Tampere_Multisilta;20241125;*;;*;Kaikki;kaikki;172;129;105;122;247;780;2299;3560;3356;2347;1919;2109;2306;2499;2979;4199;4235;2923;2162;1599;1362;1031;606;316;43362
471;vt3_Tampere_Multisilta;20241126;*;;*;Kaikki;kaikki;214;130;109;126;221;750;2332;3802;3322;2333;2061;2230;2428;2596;3123;4568;4466;3244;2404;1798;1541;1234;601;295;45928
471;vt3_Tampere_Multisilta;20241127;*;;*;Kaikki;kaikki;212;132;130;119;218;763;2369;3677;3450;2491;2160;2300;2456;2570;3234;4589;4660;3343;2504;1812;1482;1135;678;372;46856
471;vt3_Tampere_Multisilta;20241128;*;;*;Kaikki;kaikki;238;171;116;115;202;749;2371;3656;3374;2452;2177;2372;2455;2788;3350;4822;4710;3393;2634;2074;1658;1137;715;377;48106
471;vt3_Tampere_Multisilta;20241129;*;;*;Kaikki;kaikki;258;184;127;140;236;705;2046;3284;2930;2536;2555;2752;3033;3668;4330;5333;4788;4191;3038;2017;1812;1624;1030;726;53343
471;vt3_Tampere_Multisilta;20241130;*;;*;Kaikki;kaikki;547;376;311;246;200;246;405;674;1122;2050;2730;3287;3669;3748;3812;3824;3314;2891;2517;1698;1343;1046;833;645;41534
471;vt3_Tampere_Multisilta;20241201;*;;*;Kaikki;kaikki;431;330;233;188;172;169;255;335;552;1121;1702;2487;3174;3525;3811;3841;3692;3403;2795;1900;1362;869;505;298;37150
471;vt3_Tampere_Multisilta;20241202;*;;*;Kaikki;kaikki;172;140;93;136;285;825;2443;3855;3228;2436;2191;2300;2405;2583;3076;4341;4379;3023;2250;1673;1369;878;564;318;44963
471;vt3_Tampere_Multisilta;20241203;*;;*;Kaikki;kaikki;211;130;110;146;232;676;2154;3499;3369;2397;2075;2174;2263;2465;2990;4378;4338;3203;2437;1880;1372;990;650;320;44459
471;vt3_Tampere_Multisilta;20241204;*;;*;Kaikki;kaikki;193;142;150;109;229;760;2286;3635;3276;2440;2139;2258;2338;2702;3170;4524;4543;3280;2607;1966;1487;1060;711;363;46368
471;vt3_Tampere_Multisilta;20241205;*;;*;Kaikki;kaikki;237;188;128;127;226;708;2011;3325;2888;2361;2317;2469;3012;3347;4259;5194;5125;4284;3408;2369;1887;1363;1227;725;53185
471;vt3_Tampere_Multisilta;20241206;*;;*;Kaikki;kaikki;502;358;259;220;177;219;343;499;664;1290;2122;2893;3299;3456;3347;2969;2632;2200;1705;1167;904;735;616;484;33060
471;vt3_Tampere_Multisilta;20241207;*;;*;Kaikki;kaikki;340;260;154;139;144;238;395;530;771;1575;2212;3096;3636;3769;3719;3623;3225;2702;2367;1668;1361;1019;790;539;38272
471;vt3_Tampere_Multisilta;20241208;*;;*;Kaikki;kaikki;372;311;233;154;140;142;276;335;492;844;1581;2431;3145;3730;3776;3855;3682;3503;2831;2067;1551;1095;629;311;37486
471;vt3_Tampere_Multisilta;20241209;*;;*;Kaikki;kaikki;178;140;121;121;274;831;2351;3625;3357;2386;1926;2263;2390;2560;2988;4309;4282;3105;2120;1778;1324;1228;562;295;44514
471;vt3_Tampere_Multisilta;20241210;*;;*;Kaikki;kaikki;189;145;118;129;210;727;2356;3838;3266;2461;2177;2249;2335;2562;3107;4476;4599;3242;2467;1917;1519;1075;604;300;46068
471;vt3_Tampere_Multisilta;20241211;*;;*;Kaikki;kaikki;220;142;139;146;223;690;2285;3750;3333;2407;2194;2308;2441;2623;3140;4495;4223;3348;2582;1846;1516;1082;651;333;46117
471;vt3_Tampere_Multisilta;20241212;*;;*;Kaikki;kaikki;225;156;102;117;217;709;2237;3654;3233;2483;2354;2548;2615;2844;3374;4683;4680;3550;2656;2037;1653;1527;742;361;48757
471;vt3_Tampere_Multisilta;20241213;*;;*;Kaikki;kaikki;250;193;145;138;229;692;2051;3261;2917;2483;2518;2740;2949;3020;3754;4358;4043;3484;2702;1931;1590;1182;936;726;48292
471;vt3_Tampere_Multisilta;20241214;*;;*;Kaikki;kaikki;463;342;244;204;167;220;407;565;872;1558;2001;2528;2798;2951;3104;2966;2716;2323;1991;1429;1004;915;848;898;33514
471;vt3_Tampere_Multisilta;20241215;*;;*;Kaikki;kaikki;607;388;241;179;146;149;282;319;470;923;1486;2398;2854;3306;3469;3472;3408;3157;2672;1877;1535;985;591;322;35236
471;vt3_Tampere_Multisilta;20241216;*;;*;Kaikki;kaikki;198;124;95;116;253;735;2147;3464;3338;2412;2095;2240;2278;2559;2879;4078;4134;3071;2245;1762;1363;925;583;352;43446
471;vt3_Tampere_Multisilta;20241217;*;;*;Kaikki;kaikki;209;167;132;130;200;722;2296;3659;3307;2370;2275;2278;2449;2661;3299;4505;4659;3444;2566;2039;1573;934;736;350;46960
471;vt3_Tampere_Multisilta;20241218;*;;*;Kaikki;kaikki;217;153;132;113;225;734;2216;3592;3169;2560;2358;2593;2723;2819;3440;4583;4707;3425;2496;1966;1589;1008;781;377;47976
471;vt3_Tampere_Multisilta;20241219;*;;*;Kaikki;kaikki;239;164;129;153;244;703;2028;3496;3002;2465;2263;2544;2709;3068;3583;4599;4707;3428;2737;2170;1691;1091;766;452;48431
471;vt3_Tampere_Multisilta;20241220;*;;*;Kaikki;kaikki;272;204;185;160;228;697;1986;2962;2752;2426;2613;3061;3450;3862;4486;4765;4609;3898;3049;2184;1690;1167;1188;642;52536
471;vt3_Tampere_Multisilta;20241221;*;;*;Kaikki;kaikki;437;330;257;177;222;315;434;560;915;1842;2943;3567;4096;4147;4149;4020;3629;2916;2485;1999;1442;917;652;421;42872
471;vt3_Tampere_Multisilta;20241222;*;;*;Kaikki;kaikki;405;256;197;142;118;162;298;298;442;960;1758;2737;3341;3797;3774;3586;3264;2959;2436;1709;1276;875;623;353;35766
471;vt3_Tampere_Multisilta;20241223;*;;*;Kaikki;kaikki;221;174;141;155;189;413;993;1480;1429;1876;2724;3318;3789;4090;4274;4232;3749;3274;2591;1949;1396;921;661;361;44400
471;vt3_Tampere_Multisilta;20241224;*;;*;Kaikki;kaikki;227;155;104;78;77;110;214;312;565;1114;1772;2371;2248;2249;1958;1634;1200;1052;1055;1149;1269;1087;747;454;23201
471;vt3_Tampere_Multisilta;20241225;*;;*;Kaikki;kaikki;254;150;100;66;48;64;200;199;235;495;1101;1898;2477;2601;2514;2216;1976;1858;1679;1550;1168;882;551;328;24610
471;vt3_Tampere_Multisilta;20241226;*;;*;Kaikki;kaikki;251;144;103;88;85;140;245;306;353;748;1450;2522;3382;3561;3532;3354;3021;2870;2510;1931;1332;927;591;392;33838
471;vt3_Tampere_Multisilta;20241227;*;;*;Kaikki;kaikki;249;176;150;142;178;405;875;1317;1252;1624;2183;2936;3565;3843;4026;4147;3805;3305;2465;1702;1452;1136;743;427;42103
471;vt3_Tampere_Multisilta;20241228;*;;*;Kaikki;kaikki;303;218;208;121;141;205;335;408;619;1164;1827;2616;3301;3500;3459;3443;3285;2578;2069;1759;1290;855;659;416;34779
471;vt3_Tampere_Multisilta;20241229;*;;*;Kaikki;kaikki;305;235;222;120;101;122;202;233;292;666;1227;2039;2828;3190;3302;3384;3107;2799;2313;1506;1136;761;511;307;30908
471;vt3_Tampere_Multisilta;20241230;*;;*;Kaikki;kaikki;204;145;91;98;175;565;1409;1994;1764;1736;2093;2580;2979;3241;3370;4293;3939;3156;2451;1668;1468;1030;727;379;41555
471;vt3_Tampere_Multisilta;20241231;*;;*;Kaikki;kaikki;259;176;133;111;148;490;1290;1615;1356;1398;1709;2236;2795;3096;3498;3901;2980;2451;1705;1021;802;810;810;469;35259
